{
  "best_epoch": 9,
  "peak_cpu_memory_MB": 3888.716,
  "peak_gpu_0_memory_MB": 3247,
  "training_duration": "1:33:42.456359",
  "training_start_epoch": 0,
  "training_epochs": 9,
  "epoch": 9,
  "training_accuracy": 0.9484741099110319,
  "training_loss": 0.22394975174808426,
  "training_cpu_memory_MB": 3888.716,
  "training_gpu_0_memory_MB": 3247,
  "validation_accuracy": 0.9422749621785174,
  "validation_loss": 0.28961128531710095,
  "best_validation_accuracy": 0.9422749621785174,
  "best_validation_loss": 0.28961128531710095
}