{
  "best_epoch": 3,
  "peak_cpu_memory_MB": 3888.716,
  "peak_gpu_0_memory_MB": 1919,
  "training_duration": "0:22:19.702309",
  "training_start_epoch": 0,
  "training_epochs": 3,
  "epoch": 3,
  "training_accuracy": 0.9083251559143115,
  "training_loss": 0.5057478496808264,
  "training_cpu_memory_MB": 3888.716,
  "training_gpu_0_memory_MB": 1919,
  "validation_accuracy": 0.9187878214826021,
  "validation_loss": 0.43134034974010366,
  "best_validation_accuracy": 0.9187878214826021,
  "best_validation_loss": 0.43134034974010366
}