{
  "best_epoch": 1,
  "peak_cpu_memory_MB": 3870.112,
  "peak_gpu_0_memory_MB": 1919,
  "training_duration": "0:11:09.121497",
  "training_start_epoch": 0,
  "training_epochs": 1,
  "epoch": 1,
  "training_accuracy": 0.8997592415701948,
  "training_loss": 0.6042737522836548,
  "training_cpu_memory_MB": 3870.112,
  "training_gpu_0_memory_MB": 1919,
  "validation_accuracy": 0.9133320726172466,
  "validation_loss": 0.4834808145698748,
  "best_validation_accuracy": 0.9133320726172466,
  "best_validation_loss": 0.4834808145698748
}