{
  "best_epoch": 4,
  "peak_cpu_memory_MB": 3888.716,
  "peak_gpu_0_memory_MB": 1919,
  "training_duration": "0:34:04.410199",
  "training_start_epoch": 0,
  "training_epochs": 4,
  "epoch": 4,
  "training_accuracy": 0.9242923136607996,
  "training_loss": 0.36169430913324735,
  "training_cpu_memory_MB": 3888.716,
  "training_gpu_0_memory_MB": 1919,
  "validation_accuracy": 0.9313540090771558,
  "validation_loss": 0.3441986464356121,
  "best_validation_accuracy": 0.9313540090771558,
  "best_validation_loss": 0.3441986464356121
}