{
  "best_epoch": 2,
  "peak_cpu_memory_MB": 3888.68,
  "peak_gpu_0_memory_MB": 1919,
  "training_duration": "0:16:44.663228",
  "training_start_epoch": 0,
  "training_epochs": 2,
  "epoch": 2,
  "training_accuracy": 0.90547990310981,
  "training_loss": 0.5420930816502092,
  "training_cpu_memory_MB": 3888.68,
  "training_gpu_0_memory_MB": 1919,
  "validation_accuracy": 0.9175208018154312,
  "validation_loss": 0.44699186565060367,
  "best_validation_accuracy": 0.9175208018154312,
  "best_validation_loss": 0.44699186565060367
}