{
  "best_epoch": 8,
  "peak_cpu_memory_MB": 4206.756,
  "peak_gpu_0_memory_MB": 3191,
  "training_duration": "1:08:23.356598",
  "training_start_epoch": 0,
  "training_epochs": 8,
  "epoch": 8,
  "training_accuracy": 0.9425594723853178,
  "training_loss": 0.2539714332018219,
  "training_cpu_memory_MB": 4206.756,
  "training_gpu_0_memory_MB": 3191,
  "validation_accuracy": 0.9411875945537065,
  "validation_loss": 0.300223878927921,
  "best_validation_accuracy": 0.9411875945537065,
  "best_validation_loss": 0.300223878927921
}