{
  "best_epoch": 2,
  "peak_cpu_memory_MB": 4206.756,
  "peak_gpu_0_memory_MB": 1861,
  "training_duration": "0:11:57.377810",
  "training_start_epoch": 0,
  "training_epochs": 2,
  "epoch": 2,
  "training_accuracy": 0.8729555094070203,
  "training_loss": 0.8211794840943748,
  "training_cpu_memory_MB": 4206.756,
  "training_gpu_0_memory_MB": 1861,
  "validation_accuracy": 0.8928139183055975,
  "validation_loss": 0.6719984501600266,
  "best_validation_accuracy": 0.8928139183055975,
  "best_validation_loss": 0.6719984501600266
}