{
  "best_epoch": 9,
  "peak_cpu_memory_MB": 4206.756,
  "peak_gpu_0_memory_MB": 3191,
  "training_duration": "1:18:59.909962",
  "training_start_epoch": 0,
  "training_epochs": 9,
  "epoch": 9,
  "training_accuracy": 0.9461292825496594,
  "training_loss": 0.23341658024518694,
  "training_cpu_memory_MB": 4206.756,
  "training_gpu_0_memory_MB": 3191,
  "validation_accuracy": 0.9420953101361573,
  "validation_loss": 0.2972154685345135,
  "best_validation_accuracy": 0.9420953101361573,
  "best_validation_loss": 0.2972154685345135
}