{
  "best_epoch": 6,
  "peak_cpu_memory_MB": 4206.756,
  "peak_gpu_0_memory_MB": 3191,
  "training_duration": "0:47:23.070064",
  "training_start_epoch": 0,
  "training_epochs": 6,
  "epoch": 6,
  "training_accuracy": 0.9335338838556558,
  "training_loss": 0.3043437025665853,
  "training_cpu_memory_MB": 4206.756,
  "training_gpu_0_memory_MB": 3191,
  "validation_accuracy": 0.9369894099848715,
  "validation_loss": 0.3207830042039093,
  "best_validation_accuracy": 0.9369894099848715,
  "best_validation_loss": 0.3207830042039093
}