{
  "best_epoch": 4,
  "peak_cpu_memory_MB": 4206.756,
  "peak_gpu_0_memory_MB": 1861,
  "training_duration": "0:26:20.302938",
  "training_start_epoch": 0,
  "training_epochs": 4,
  "epoch": 4,
  "training_accuracy": 0.9098916342558331,
  "training_loss": 0.4550384440378699,
  "training_cpu_memory_MB": 4206.756,
  "training_gpu_0_memory_MB": 1861,
  "validation_accuracy": 0.9268059757942512,
  "validation_loss": 0.3743223676556035,
  "best_validation_accuracy": 0.9268059757942512,
  "best_validation_loss": 0.3743223676556035
}