{
  "best_epoch": 7,
  "peak_cpu_memory_MB": 4206.756,
  "peak_gpu_0_memory_MB": 3191,
  "training_duration": "0:57:52.248140",
  "training_start_epoch": 0,
  "training_epochs": 7,
  "epoch": 7,
  "training_accuracy": 0.9382553245593159,
  "training_loss": 0.27775080830997634,
  "training_cpu_memory_MB": 4206.756,
  "training_gpu_0_memory_MB": 3191,
  "validation_accuracy": 0.9396558245083207,
  "validation_loss": 0.3083347422708022,
  "best_validation_accuracy": 0.9396558245083207,
  "best_validation_loss": 0.3083347422708022
}