{
  "best_epoch": 5,
  "peak_cpu_memory_MB": 4206.756,
  "peak_gpu_0_memory_MB": 3191,
  "training_duration": "0:36:53.429940",
  "training_start_epoch": 0,
  "training_epochs": 5,
  "epoch": 5,
  "training_accuracy": 0.9265222224757856,
  "training_loss": 0.3431869053160069,
  "training_cpu_memory_MB": 4206.756,
  "training_gpu_0_memory_MB": 3191,
  "validation_accuracy": 0.9336516641452345,
  "validation_loss": 0.33759394852738633,
  "best_validation_accuracy": 0.9336516641452345,
  "best_validation_loss": 0.33759394852738633
}